,호선,역명,자치구,역번호,미세먼지,이산화탄소,포름알데히드,일산화탄소,공기질점수,1월,2월,3월,4월,5월,6월,7월,8월,9월,10월,11월,12월,승객수
0,1호선,서울역,중구,150,0.3355592654424041,0.6231454005934718,0.37116564417177905,0.1666666666666666,0.40843118268953016,3198290.0,2271168.0,1601396.0,1803550.0,2112629.0,2201148.0,2391615.0,1986290.0,1705059.0,2121997.0,2218093.0,1648262.0,0.4787100229283056
1,1호선,시청,중구,151,0.7412353923205343,0.5727002967359051,0.41411042944785276,0.4999999999999999,0.7002210445069467,1477362.0,1149641.0,888317.0,874072.0,962697.0,1042088.0,1134098.0,922958.0,853911.0,994423.0,1072922.0,857434.0,0.22506249900231307
2,1호선,종각,종로구,152,0.7262103505843072,0.8011869436201781,0.4969325153374233,0.41666666666666663,0.7851642829606004,2462560.0,1945843.0,1475933.0,1586710.0,1745454.0,1892509.0,2069902.0,1626359.0,1378130.0,1702997.0,1758055.0,1314449.0,0.39499005427806205
3,1호선,종로3가,종로구,153,0.8180300500834724,0.6795252225519288,0.5,0.7499999999999999,0.9074467586778283,1935106.0,1421415.0,1095035.0,1224282.0,1374997.0,1360814.0,1523797.0,1212158.0,1051916.0,1298918.0,1297683.0,953894.0,0.29358834795115013
4,1호선,종로5가,종로구,154,0.7195325542570953,0.34124629080118696,0.37116564417177905,0.5833333333333333,0.6153504282171965,1527217.0,1149021.0,947157.0,1040487.0,1182917.0,1182427.0,1263489.0,1017196.0,988661.0,1124400.0,1100466.0,930913.0,0.24889851470210922
5,1호선,동대문,종로구,155,0.7212020033388982,0.42729970326409494,0.3957055214723926,0.5833333333333333,0.6601306328526868,853074.0,618961.0,507532.0,578736.0,674203.0,656902.0,678855.0,552414.0,558966.0,665350.0,642474.0,509127.0,0.13291849024369257
6,1호선,신설동,동대문구,156,0.7045075125208681,0.2789317507418398,0.21165644171779138,0.5833333333333333,0.5208744058481395,874966.0,743203.0,629681.0,664350.0,735967.0,769029.0,789347.0,638119.0,640524.0,723700.0,709105.0,618252.0,0.15315740170788428
7,1호선,제기동,동대문구,157,0.692821368948247,0.23738872403560832,0.28834355828220853,0.3333333333333333,0.4305096095834245,1218944.0,856496.0,738627.0,847495.0,926402.0,895095.0,943880.0,803572.0,922705.0,964302.0,944003.0,787553.0,0.198181426009007
8,1호선,청량리,동대문구,158,0.5876460767946577,0.39465875370919884,0.30981595092024544,0.24999999999999992,0.4266139930930408,1453835.0,1068751.0,912434.0,1014531.0,1134388.0,1126493.0,1183648.0,1013206.0,1049171.0,1136702.0,1120268.0,935533.0,0.2429534491934991
9,1호선,동묘앞,종로구,159,0.5191986644407347,0.44510385756676557,0.35582822085889576,0.5833333333333333,0.5707493210758108,618741.0,454685.0,420816.0,491397.0,555608.0,529687.0,535399.0,425595.0,473384.0,578592.0,525867.0,432133.0,0.10459994993071674
10,2호선,시청,중구,201,0.8848080133555926,0.41839762611275966,0.17484662576687116,0.4999999999999999,0.6005016182561068,1410239.0,1206303.0,988688.0,979300.0,1028747.0,1126264.0,1205606.0,980247.0,924240.0,1031394.0,1124381.0,911876.0,0.23844341762181806
11,2호선,을지로입구,중구,202,0.4156928213689483,0.42136498516320475,0.17177914110429449,0.4999999999999999,0.41333748742967585,2913336.0,2175839.0,1626671.0,1692730.0,1819400.0,2006038.0,2147933.0,1759518.0,1609473.0,1851730.0,1950678.0,1628755.0,0.4382692263517052
12,2호선,을지로3가,중구,203,0.6327212020033389,0.5192878338278932,0.2791411042944786,0.41666666666666663,0.5485523202089352,1309227.0,1116090.0,877009.0,909261.0,963709.0,1049054.0,1152166.0,914767.0,831117.0,964878.0,1022103.0,821795.0,0.2192467726531386
13,2호선,을지로4가,중구,204,0.17863105175292157,0.6201780415430267,0.1625766871165644,0.3333333333333333,0.3279285573042517,761484.0,637805.0,540873.0,568481.0,611620.0,644023.0,679695.0,554199.0,566325.0,607138.0,635746.0,566007.0,0.13052018714854652
14,2호선,신당,중구,206,0.6594323873121869,0.4332344213649852,0.09815950920245399,0.5833333333333333,0.5191714006479133,867095.0,735019.0,632937.0,664287.0,723991.0,738969.0,780018.0,662828.0,651118.0,727709.0,736971.0,627558.0,0.15339600948590992
15,2호선,상왕십리,성동구,207,0.4290484140233723,0.17804154302670624,0.19325153374233128,0.3333333333333333,0.2636900012282102,802946.0,689058.0,588877.0,615493.0,672523.0,709882.0,756794.0,641050.0,604066.0,684288.0,708091.0,591287.0,0.14397112878979895
16,2호선,왕십리,성동구,208,0.49415692821368956,0.43026706231454004,0.3588957055214724,0.1666666666666666,0.3898627240064316,983439.0,822170.0,670651.0,707364.0,776744.0,792564.0,862291.0,721933.0,645306.0,776988.0,786329.0,597940.0,0.16498317461837744
17,2호선,잠실,송파구,216,0.5375626043405676,0.7418397626112759,0.352760736196319,0.3333333333333333,0.5954932549581583,4823936.0,3618613.0,2921517.0,3037682.0,3419154.0,3439471.0,3802188.0,3164868.0,2753279.0,3455953.0,3498971.0,2678759.0,0.7776246952918132
18,2호선,종합운동장,송파구,218,0.679465776293823,0.10682492581602374,0.2730061349693251,0.0833333333333333,0.26726217703139815,583973.0,408767.0,299965.0,317674.0,379846.0,400603.0,442165.0,386720.0,319944.0,452063.0,441035.0,300117.0,0.07911694292374247
19,2호선,삼성,강남구,219,0.5993322203672788,0.3056379821958457,0.3957055214723926,0.0833333333333333,0.363545200800172,3345285.0,2706854.0,2056593.0,2164935.0,2413305.0,2723491.0,2940221.0,2433209.0,2070861.0,2429165.0,2621848.0,2039708.0,0.5699322468376731
20,2호선,선릉,강남구,220,0.6110183639398999,0.4836795252225519,0.3742331288343558,0.4999999999999999,0.5968632666350054,2934435.0,2638737.0,2253736.0,2345051.0,2481229.0,2700378.0,2864148.0,2330121.0,2161550.0,2426977.0,2580811.0,2166876.0,0.5687364630918132
21,2호선,역삼,강남구,221,0.4223706176961602,0.49554896142433236,0.4202453987730061,0.5833333333333333,0.577942952224173,2920536.0,2631111.0,2171063.0,2219309.0,2347302.0,2580891.0,2793577.0,2295141.0,2093208.0,2300025.0,2485161.0,2086322.0,0.5500402384170008
22,2호선,강남,강남구,222,0.36560934891485813,0.9465875370919882,0.6134969325153374,0.4999999999999999,0.7790602439026578,5992246.0,4905734.0,3795390.0,4074947.0,4344053.0,4522937.0,5155426.0,4144760.0,3361408.0,4204339.0,4350937.0,3185371.0,1.0
23,2호선,교대,서초구,223,0.45242070116861444,0.658753709198813,0.41411042944785276,0.1666666666666666,0.4863795982954798,2156367.0,1821187.0,1525501.0,1579975.0,1753495.0,1890322.0,2015454.0,1634347.0,1501321.0,1718100.0,1814833.0,1444747.0,0.3929800412000899
24,2호선,서초,서초구,224,0.6093489148580967,0.18397626112759644,0.32515337423312884,0.0833333333333333,0.29086902336643927,1250331.0,1102857.0,858379.0,896933.0,1043000.0,1149114.0,1157442.0,951212.0,879984.0,1028197.0,1120504.0,873647.0,0.22665251021923413
25,2호선,방배,서초구,225,0.6176961602671118,0.28486646884273,0.3374233128834356,0.1666666666666666,0.3725774306470356,1023378.0,862771.0,708736.0,753411.0,842868.0,904645.0,936849.0,774225.0,742279.0,882850.0,930344.0,704283.0,0.1829497154110217
26,2호선,사당,동작구,226,0.5258764607679465,0.5578635014836796,0.1533742331288344,0.7499999999999999,0.6041163090294659,2582167.0,2111967.0,1719401.0,1870314.0,2077614.0,2134413.0,2299740.0,1887469.0,1705061.0,2092898.0,2099174.0,1586140.0,0.45742981832169793
27,2호선,낙성대,관악구,227,0.5609348914858098,0.22255192878338279,0.10122699386503066,0.5833333333333333,0.3970669455081897,1646017.0,1421666.0,1206401.0,1277411.0,1392440.0,1448292.0,1534362.0,1317649.0,1235106.0,1404570.0,1427674.0,1183831.0,0.30809917377895774
28,2호선,서울대입구,관악구,228,0.5041736227045075,0.18991097922848665,0.08895705521472394,0.4999999999999999,0.32327056569042945,2948827.0,2545154.0,2134511.0,2258971.0,2472723.0,2550715.0,2731555.0,2318987.0,2116143.0,2472875.0,2490123.0,2017335.0,0.5526541392229761
29,2호선,봉천,관악구,229,0.41903171953255436,0.08902077151335312,0.07668711656441718,0.4999999999999999,0.2441703544426309,1392628.0,1227138.0,1051316.0,1107103.0,1204302.0,1238095.0,1300188.0,1138083.0,1079459.0,1197380.0,1219496.0,1044643.0,0.2634108200266232
30,2호선,신림,관악구,230,0.6126878130217028,0.456973293768546,0.03680981595092025,0.41666666666666663,0.41904183485187724,3961463.0,3430854.0,2957131.0,3071558.0,3290681.0,3354799.0,3516808.0,3088007.0,2882076.0,3257464.0,3307740.0,2809313.0,0.744793553754982
31,2호선,문래,영등포구,235,0.5091819699499165,0.12759643916913946,0.25153374233128833,0.4999999999999999,0.3652616512940492,1179186.0,1031333.0,892393.0,937437.0,1015809.0,1088872.0,1158282.0,959460.0,912748.0,1036763.0,1080483.0,887417.0,0.2240942073421192
32,2호선,영등포구청,영등포구,236,0.671118530884808,0.3056379821958457,0.22392638036809814,0.24999999999999992,0.39014056141759623,1284105.0,1145539.0,1000372.0,1036874.0,1098302.0,1172293.0,1236687.0,1035245.0,1002025.0,1116488.0,1168418.0,1007347.0,0.245965685020602
33,2호선,합정,마포구,238,0.5859766277128549,0.6023738872403561,0.3190184049079754,0.4999999999999999,0.6121956656923393,2012203.0,1735566.0,1419499.0,1515575.0,1605184.0,1675570.0,1822406.0,1509085.0,1357947.0,1655027.0,1657647.0,1243647.0,0.36093155342092736
34,2호선,홍대입구,마포구,239,0.46744574290484137,0.9584569732937686,0.8036809815950919,0.7499999999999999,1.0,4778691.0,3590497.0,2440050.0,2676971.0,2646069.0,2736274.0,3224454.0,2691823.0,2195630.0,2985856.0,2880246.0,1953538.0,0.6644375128725947
35,2호선,신촌,마포구,240,0.5776293823038399,0.44807121661721067,0.15030674846625763,0.41666666666666663,0.44677904630157067,2611163.0,2069551.0,1523356.0,1627438.0,1724934.0,1762475.0,2029954.0,1695114.0,1386609.0,1736522.0,1746241.0,1347399.0,0.40086628425570225
36,2호선,이대,마포구,241,0.5292153589315526,0.5281899109792285,0.3957055214723926,0.5833333333333333,0.623793401830186,942267.0,743983.0,492497.0,527469.0,608574.0,634958.0,684668.0,579557.0,532274.0,667384.0,686615.0,515325.0,0.1352346228704494
37,2호선,아현,마포구,242,0.5893155258764606,0.4094955489614243,0.24233128834355824,0.41666666666666663,0.4727605907231436,576853.0,482872.0,401641.0,427461.0,480413.0,513555.0,538972.0,454409.0,449159.0,513515.0,527090.0,434304.0,0.09989553974570567
38,2호선,충정로,서대문구,243,0.6160267111853089,0.658753709198813,0.2791411042944786,0.5833333333333333,0.6640055444596553,619376.0,550156.0,456923.0,458392.0,501666.0,533023.0,565780.0,465962.0,453998.0,509098.0,535436.0,439960.0,0.10553176031686147
39,2호선,신설동,동대문구,246,0.23038397328881463,0.17507418397626112,0.352760736196319,0.1666666666666666,0.18040657109213,237570.0,194453.0,155640.0,165694.0,184316.0,183223.0,192503.0,158457.0,158377.0,181129.0,186944.0,154481.0,0.028890268454677365
40,2호선,양천구청,양천구,248,0.27045075125208684,0.020771513353115726,0.13803680981595093,0.3333333333333333,0.11566985925900199,428812.0,354009.0,283006.0,306196.0,345400.0,358123.0,387032.0,318227.0,303464.0,354057.0,361528.0,297338.0,0.06674212099869144
41,2호선,신정네거리,양천구,249,0.7612687813021703,0.13649851632047477,0.2361963190184049,0.5833333333333333,0.4964895792013646,577590.0,487749.0,408507.0,441333.0,494734.0,512582.0,547554.0,468885.0,447445.0,511850.0,518168.0,439293.0,0.10097491046124868
42,2호선,용두,동대문구,250,0.21035058430717876,0.08605341246290801,0.23006134969325154,0.1666666666666666,0.08796297523551683,148450.0,120214.0,106903.0,111120.0,120264.0,122525.0,127877.0,112342.0,116778.0,118668.0,122769.0,110426.0,0.014982006594661897
43,3호선,구파발,은평구,310,0.5158597662771286,0.10385756676557864,0.17791411042944785,0.3333333333333333,0.2626089971940928,1250861.0,1020698.0,831791.0,941958.0,1048222.0,1100083.0,1166975.0,956389.0,913505.0,1083017.0,1061949.0,871051.0,0.22538518502079666
44,3호선,연신내,은평구,311,0.8146911519198663,0.2195845697329377,0.13190184049079753,0.41666666666666663,0.4428580677180836,2353684.0,1982636.0,1701207.0,1808020.0,1980472.0,2019832.0,2112118.0,1779328.0,1707071.0,1960245.0,1946846.0,1641705.0,0.43459117807261294
45,3호선,불광,은평구,312,0.649415692821369,0.26706231454005935,0.2177914110429448,0.41666666666666663,0.43013030763599647,1073417.0,888058.0,756524.0,815049.0,905986.0,919630.0,952429.0,810233.0,793617.0,922680.0,912171.0,762962.0,0.19163430267621487
46,3호선,녹번,은평구,313,0.46911519198664453,0.2997032640949555,0.34969325153374226,0.3333333333333333,0.3906041275429062,758849.0,643762.0,555598.0,585446.0,644938.0,701513.0,759822.0,645597.0,625447.0,710150.0,733144.0,625804.0,0.14252501809463405
47,3호선,홍제,서대문구,314,0.6611018363939901,0.5519287833827893,0.2576687116564417,0.5833333333333333,0.6308092508178523,1042593.0,870656.0,744392.0,802767.0,890170.0,913189.0,949722.0,796813.0,776797.0,894820.0,900403.0,752872.0,0.1881776922265296
48,3호선,무악재,서대문구,315,0.7512520868113521,0.19584569732937684,0.294478527607362,0.3333333333333333,0.4396930613523952,238530.0,200568.0,170620.0,181471.0,199860.0,208763.0,220280.0,184105.0,177364.0,205673.0,208059.0,174747.0,0.033119546059263184
49,3호선,독립문,서대문구,316,0.7128547579298831,0.35311572700296734,0.29141104294478526,0.41666666666666663,0.5191269419746101,456736.0,356528.0,299915.0,340280.0,386727.0,391056.0,408050.0,339525.0,330516.0,410864.0,394274.0,315661.0,0.07322348459629792
50,3호선,경복궁,종로구,317,0.5358931552587647,0.3768545994065282,0.3834355828220859,0.4999999999999999,0.5279563740802394,1348716.0,999581.0,723099.0,803940.0,921696.0,952407.0,1036117.0,835278.0,759082.0,990148.0,1038991.0,723897.0,0.20370769661440538
51,3호선,안국,종로구,318,0.3689482470784642,0.3115727002967359,0.6134969325153374,0.4999999999999999,0.5270926000861841,1407115.0,1055789.0,761961.0,832314.0,960444.0,1008289.0,1109274.0,862850.0,778382.0,1029912.0,1070643.0,723069.0,0.21280056656937027
52,3호선,종로3가,종로구,319,0.8647746243739565,0.5875370919881305,0.294478527607362,0.4999999999999999,0.7076978420862352,714572.0,574054.0,484676.0,495166.0,525228.0,556592.0,616889.0,482819.0,448247.0,525569.0,540538.0,429329.0,0.1114479756396974
53,3호선,을지로3가,중구,320,0.4824707846410685,0.5816023738872403,0.18098159509202452,0.24999999999999992,0.40783994234289545,650013.0,557889.0,453038.0,467683.0,504382.0,544383.0,591394.0,465725.0,434438.0,490641.0,516542.0,426623.0,0.10578446224772148
54,3호선,동대입구,중구,322,0.5943238731218699,0.17210682492581603,0.2607361963190184,0.3333333333333333,0.354167822213669,602179.0,424499.0,338833.0,355447.0,385768.0,405136.0,418525.0,352478.0,341576.0,414558.0,435334.0,336240.0,0.0806295531024462
55,3호선,약수,중구,323,0.7545909849749582,0.49258160237388726,0.14110429447852763,0.41666666666666663,0.5314507128569625,791009.0,674766.0,568022.0,595004.0,654987.0,690547.0,732321.0,611096.0,579821.0,663987.0,677983.0,554896.0,0.1387166573030099
56,3호선,금호,성동구,324,0.4958263772954925,0.1632047477744807,0.24233128834355824,0.24999999999999992,0.2707453597199263,485250.0,410379.0,347908.0,370904.0,410185.0,423246.0,449999.0,380427.0,360979.0,412464.0,418468.0,348715.0,0.08079212253658932
57,3호선,압구정,강남구,326,0.5375626043405676,0.258160237388724,0.07975460122699388,0.24999999999999992,0.26042016824516506,2052898.0,1684727.0,1348724.0,1421709.0,1578257.0,1676035.0,1824772.0,1537076.0,1439118.0,1616361.0,1650545.0,1391600.0,0.3611742298148955
58,3호선,신사,강남구,327,0.666110183639399,0.35014836795252224,0.0950920245398773,0.24999999999999992,0.3545070155843046,1986058.0,1695799.0,1350593.0,1409209.0,1561117.0,1627485.0,1763254.0,1440261.0,1323558.0,1568803.0,1610562.0,1277869.0,0.34935277859214986
59,3호선,잠원,서초구,328,0.30550918196994986,0.05341246290801187,0.05521472392638036,0.3333333333333333,0.10963760083444911,355881.0,290845.0,228622.0,253878.0,295720.0,309039.0,322208.0,262960.0,240186.0,268856.0,256490.0,195690.0,0.05084109387757008
60,3호선,고속터미널,서초구,329,0.38063439065108506,0.7922848664688428,0.3159509202453988,0.41666666666666663,0.5715761222802471,3441957.0,2256799.0,1570212.0,1892089.0,2356153.0,2298233.0,2513819.0,2182515.0,1815366.0,2310662.0,2272378.0,1753470.0,0.5060448147339184
61,3호선,교대,서초구,330,0.5776293823038399,0.6053412462908012,0.07668711656441718,0.41666666666666663,0.48014614538170436,680501.0,571147.0,483934.0,506807.0,555427.0,605369.0,651927.0,517057.0,477895.0,557152.0,590377.0,464562.0,0.11667441455731319
62,3호선,남부터미널,서초구,331,0.47913188647746247,0.20771513353115728,0.14110429447852763,0.41666666666666663,0.3079438411551813,1983609.0,1566495.0,1214145.0,1308519.0,1474317.0,1540112.0,1684342.0,1406976.0,1260621.0,1482540.0,1552373.0,1226636.0,0.3315621616381299
63,3호선,양재,서초구,332,0.5308848080133555,0.42433234421364985,0.13190184049079753,0.24999999999999992,0.3448413395542932,2355441.0,2010771.0,1635102.0,1709494.0,1899107.0,2053206.0,2165017.0,1755120.0,1676274.0,1925666.0,2033482.0,1644771.0,0.4320660470690197
64,3호선,매봉,강남구,333,0.2671118530884808,0.35014836795252224,0.0736196319018405,0.1666666666666666,0.1535458687309219,638137.0,549317.0,465756.0,479452.0,526106.0,583634.0,622626.0,517758.0,490319.0,559634.0,595519.0,502509.0,0.11411667622499408
65,3호선,도곡,강남구,334,0.6393989983305508,0.4124629080118694,0.05521472392638036,0.24999999999999992,0.35280219195079465,324859.0,266238.0,207167.0,221445.0,257162.0,282204.0,297824.0,239395.0,229866.0,264791.0,279328.0,225397.0,0.04724554700691976
66,3호선,대치,강남구,335,0.4290484140233723,0.32344213649851633,0.15030674846625763,0.0,0.17159583955234148,722828.0,584030.0,405055.0,453606.0,531111.0,555200.0,605182.0,520252.0,443224.0,550612.0,572591.0,428502.0,0.11102970634715768
67,3호선,학여울,강남구,336,0.2871452420701169,0.08902077151335312,0.0705521472392638,0.0833333333333333,0.022912192697807147,125089.0,100755.0,70222.0,77152.0,88510.0,124161.0,119666.0,87834.0,77115.0,108850.0,118469.0,73674.0,0.009787435257418799
68,3호선,대청,강남구,337,0.5826377295492488,0.17804154302670624,0.08895705521472394,0.0833333333333333,0.18363121802855856,552708.0,468237.0,378103.0,399729.0,445673.0,493406.0,524824.0,426080.0,399212.0,466219.0,483010.0,398004.0,0.09278930292733997
69,3호선,일원,강남구,338,0.41903171953255436,0.18100890207715134,0.04294478527607363,0.0833333333333333,0.10120074624945911,570746.0,455770.0,350634.0,383689.0,423181.0,472033.0,512557.0,422069.0,397387.0,463423.0,479960.0,395638.0,0.09068456312603639
70,3호선,수서,강남구,339,0.44407345575959944,0.258160237388724,0.1441717791411043,0.1666666666666666,0.21558309614969218,1094596.0,860692.0,653949.0,737233.0,870572.0,913247.0,974178.0,813470.0,736421.0,882254.0,918835.0,703403.0,0.18474479265827012
71,3호선,가락시장,송파구,340,0.6677796327212019,0.17507418397626112,0.17791411042944785,0.0833333333333333,0.25189347598427886,573752.0,453215.0,375502.0,406454.0,454704.0,480567.0,508543.0,418277.0,410857.0,459970.0,475218.0,388640.0,0.09221490779815461
72,3호선,경찰병원,송파구,341,0.2404006677796328,0.0,0.23312883435582823,0.0833333333333333,0.03360690193868991,455507.0,381976.0,315580.0,332661.0,363883.0,393596.0,419728.0,348367.0,327420.0,369378.0,382355.0,323504.0,0.07290856593552275
73,3호선,오금,송파구,342,0.2687813021702839,0.06528189910979229,0.05521472392638036,0.0833333333333333,0.0,358995.0,306127.0,254773.0,268119.0,297726.0,316867.0,333971.0,275895.0,261203.0,299007.0,306561.0,251573.0,0.05571646380041433
74,4호선,쌍문,도봉구,413,0.6293823038397329,0.24925816023738873,0.04294478527607363,0.3333333333333333,0.3120526224769975,1764540.0,1514888.0,1332017.0,1373309.0,1481074.0,1525117.0,1596446.0,1353920.0,1297458.0,1459622.0,1490488.0,1289342.0,0.3272314411738483
75,4호선,수유,강북구,414,0.5308848080133555,0.27002967359050445,0.05521472392638036,0.3333333333333333,0.2859430239835912,2151009.0,1845702.0,1618205.0,1668283.0,1794956.0,1828867.0,1920291.0,1634944.0,1556670.0,1776473.0,1794452.0,1544769.0,0.39841080639967985
76,4호선,미아,강북구,415,0.5075125208681136,0.22255192878338279,0.08895705521472394,0.1666666666666666,0.20465997350405318,907818.0,778803.0,684161.0,709281.0,779394.0,814019.0,843127.0,703286.0,695458.0,782999.0,789616.0,675983.0,0.16537691541289054
77,4호선,미아사거리,강북구,416,0.5308848080133555,0.0712166172106825,0.052147239263803685,0.0833333333333333,0.10569351905609371,1739599.0,1468063.0,1268629.0,1332668.0,1473941.0,1511785.0,1584696.0,1324665.0,1270645.0,1456349.0,1470141.0,1247176.0,0.3208099582587258
78,4호선,길음,성북구,417,0.4357262103505844,0.10979228486646884,0.0,0.1666666666666666,0.09556303834565824,1226773.0,1011294.0,851524.0,895707.0,998114.0,1066592.0,1104158.0,904138.0,879295.0,1023798.0,1046287.0,859862.0,0.2180080056345464
79,4호선,성신여대입구,성북구,418,0.6060100166944907,0.34718100890207715,0.23006134969325154,0.24999999999999992,0.3831877453889845,1291715.0,1013165.0,872638.0,922840.0,1040013.0,1060313.0,1125630.0,923924.0,862616.0,1037517.0,1050342.0,831500.0,0.22121366618894495
80,4호선,한성대입구,성북구,419,0.5409015025041737,0.41543026706231456,0.3803680981595091,0.41666666666666663,0.5108772860040031,817809.0,681169.0,574414.0,611491.0,689820.0,723713.0,752553.0,608442.0,597880.0,707372.0,734059.0,576930.0,0.14419104818837575
81,4호선,혜화,종로구,420,0.6010016694490817,0.39465875370919884,0.0030674846625767032,0.1666666666666666,0.2763426135446107,2336574.0,1729681.0,1261446.0,1363682.0,1595634.0,1620726.0,1810422.0,1494999.0,1309642.0,1648186.0,1710402.0,1217338.0,0.35877802916243745
82,4호선,동대문,종로구,421,0.5692821368948248,0.887240356083086,0.2638036809815951,0.41666666666666663,0.6639010289964381,1276952.0,1028479.0,894721.0,978978.0,1079936.0,1101854.0,1179493.0,880009.0,918028.0,1034733.0,1012028.0,879187.0,0.2257336259622082
83,4호선,동대문,종로구,421,0.5008347245409015,0.516320474777448,0.18711656441717792,0.24999999999999992,0.391572116958687,1276952.0,1028479.0,894721.0,978978.0,1079936.0,1101854.0,1179493.0,880009.0,918028.0,1034733.0,1012028.0,879187.0,0.2257336259622082
84,4호선,충무로,중구,423,0.6327212020033389,0.7596439169139466,0.19018404907975459,0.41666666666666663,0.6089435018193669,1689974.0,1415080.0,1184614.0,1195063.0,1270411.0,1369746.0,1415364.0,1152478.0,1143334.0,1273428.0,1336373.0,1133765.0,0.29027145260490705
85,4호선,명동,중구,424,0.6293823038397329,0.8931750741839762,0.3834355828220859,0.5833333333333333,0.8044424438265957,2104842.0,1395754.0,757529.0,788873.0,904449.0,960406.0,1012238.0,813566.0,770666.0,969161.0,979332.0,753526.0,0.22468131446274217
86,4호선,회현,중구,425,0.47579298831385636,0.744807121661721,0.3650306748466257,0.4999999999999999,0.643413346324005,1649222.0,1245302.0,997371.0,1093373.0,1244892.0,1261024.0,1313169.0,948711.0,1001808.0,1164033.0,1185659.0,994272.0,0.2614447441074177
87,4호선,서울역,중구,426,0.5242070116861436,0.9050445103857567,0.4079754601226994,0.4999999999999999,0.7437719276282626,1071889.0,801975.0,538042.0,593346.0,657439.0,709038.0,767920.0,624312.0,539419.0,661607.0,697603.0,518520.0,0.14624400560495646
88,4호선,숙대입구,용산구,427,0.6126878130217028,0.18694362017804153,0.33128834355828224,0.3333333333333333,0.39555355137716935,821856.0,696833.0,562042.0,585819.0,647438.0,690664.0,714958.0,595685.0,556013.0,647181.0,671592.0,527332.0,0.1372171873911061
89,4호선,삼각지,용산구,428,0.6310517529215358,0.2551928783382789,0.20245398773006135,0.41666666666666663,0.4119526848185478,303031.0,257642.0,212671.0,219690.0,236330.0,253375.0,267991.0,222918.0,207597.0,241600.0,248634.0,200041.0,0.04288188827385951
90,4호선,신용산,용산구,429,0.6060100166944907,0.26112759643916916,0.34969325153374226,0.4999999999999999,0.4963036635926872,983611.0,800686.0,657694.0,684780.0,743515.0,802608.0,872424.0,718863.0,655009.0,770261.0,819798.0,621176.0,0.16472437949713464
91,4호선,이촌,용산구,430,0.5509181969949916,0.47181008902077154,0.3773006134969325,0.4999999999999999,0.569379071992396,547207.0,386437.0,286355.0,310717.0,375317.0,381836.0,423562.0,367688.0,323087.0,405796.0,398657.0,299177.0,0.07469721905233564
92,4호선,이수(총신대입구),동작구,432,0.6293823038397329,0.4332344213649852,0.3404907975460123,0.4999999999999999,0.5706070963574945,1295872.0,1072880.0,880768.0,947191.0,1059982.0,1091796.0,1148783.0,962195.0,907818.0,1043311.0,1042049.0,851384.0,0.2265051250933932
93,4호선,사당,동작구,433,0.7111853088480802,0.5014836795252225,0.2791411042944786,0.41666666666666663,0.5727488177819692,1544558.0,1259283.0,1015364.0,1099876.0,1229841.0,1253722.0,1350140.0,1103566.0,997492.0,1235784.0,1238903.0,931833.0,0.26458918075205934
94,4호선,남태령,서초구,434,0.676126878130217,0.002967359050445104,0.08895705521472394,0.24999999999999992,0.21756921827904968,73733.0,58538.0,42028.0,47810.0,56569.0,57334.0,63402.0,52772.0,50569.0,59773.0,59803.0,46397.0,0.0
95,5호선,개화산,강서구,2512,0.1552587646076794,0.04747774480712166,0.1533742331288344,0.41666666666666663,0.11973252915370831,329657.0,284395.0,249652.0,253513.0,260816.0,269576.0,283721.0,242614.0,233270.0,265316.0,264298.0,229621.0,0.04862328938060091
96,5호선,김포공항,강서구,2513,0.3088480801335559,0.4124629080118694,0.4325153374233128,0.41666666666666663,0.43793131368542293,498754.0,342193.0,252603.0,266387.0,324765.0,347752.0,383596.0,373978.0,304794.0,393578.0,392726.0,315420.0,0.06867625146927651
97,5호선,송정,강서구,2514,0.21368948247078456,0.26706231454005935,0.19938650306748468,0.4999999999999999,0.2822237015693328,418925.0,348599.0,302943.0,323434.0,349112.0,353230.0,366394.0,317579.0,301103.0,346047.0,343595.0,290583.0,0.06604815917515723
98,5호선,마곡,강서구,2515,0.1419031719532554,0.0771513353115727,0.16871165644171782,0.3333333333333333,0.0991188553209786,392281.0,357948.0,333684.0,354024.0,391781.0,420032.0,448998.0,378595.0,368936.0,420801.0,444227.0,383283.0,0.07837170485909546
99,5호선,발산,강서구,2516,0.328881469115192,0.1394658753709199,0.17177914110429449,0.41666666666666663,0.23302286238581013,1117662.0,971501.0,794278.0,870427.0,955297.0,995322.0,1038004.0,866257.0,803320.0,964485.0,993375.0,776783.0,0.20397554391944375
100,5호선,우장산,강서구,2517,0.3856427378964943,0.19584569732937684,0.26993865030674846,0.6666666666666665,0.4170299111747065,864377.0,718333.0,576948.0,619243.0,699010.0,748584.0,790908.0,655507.0,616514.0,717578.0,721966.0,592860.0,0.14898337162504413
101,5호선,화곡,강서구,2518,0.36560934891485813,0.314540059347181,0.3159509202453988,0.5833333333333333,0.44149763514367846,1657172.0,1438696.0,1246847.0,1295758.0,1404281.0,1434808.0,1507797.0,1292535.0,1227394.0,1387970.0,1422101.0,1220797.0,0.30889220348063284
102,5호선,까치산,강서구,2519,0.11686143572621034,0.3264094955489614,0.15644171779141106,0.5833333333333333,0.28338353973749913,1715006.0,1484093.0,1306311.0,1357988.0,1470040.0,1502450.0,1576472.0,1366230.0,1314803.0,1469903.0,1478082.0,1274446.0,0.32407004871826917
103,5호선,신정,양천구,2520,0.04507512520868118,0.22551928783382788,0.1656441717791411,0.41666666666666663,0.15169452483558393,707224.0,615143.0,535899.0,555947.0,606383.0,640973.0,681860.0,585234.0,561685.0,631386.0,649885.0,560625.0,0.1297190786161722
104,5호선,목동,양천구,2521,0.25041736227045075,0.23738872403560832,0.23926380368098157,0.5833333333333333,0.3341847527569609,1078490.0,919876.0,777090.0,816457.0,898973.0,931144.0,985925.0,829970.0,778892.0,895177.0,914958.0,760508.0,0.1930885700703267
105,5호선,오목교,양천구,2522,0.0,0.5578635014836796,0.9478527607361964,0.5833333333333333,0.6447770672319317,1461669.0,1257799.0,1002166.0,1053374.0,1163597.0,1203933.0,1294755.0,1099332.0,1002095.0,1183631.0,1213169.0,975887.0,0.25779605215770973
106,5호선,양평,영등포구,2523,0.39899833055091827,0.3115727002967359,0.18098159509202452,0.5833333333333333,0.39979486213717774,389216.0,356998.0,322086.0,328286.0,344300.0,372872.0,391762.0,326318.0,316478.0,344971.0,365164.0,324968.0,0.06842070734737532
107,5호선,영등포구청,영등포구,2524,0.4407345575959934,0.44807121661721067,0.3773006134969325,0.5833333333333333,0.5491996804374248,224949.0,202559.0,185758.0,188237.0,201889.0,216052.0,228423.0,190931.0,189548.0,207040.0,213727.0,187663.0,0.03441869990394951
108,5호선,영등포시장,영등포구,2525,0.3606010016694492,0.22255192878338279,0.17177914110429449,0.41666666666666663,0.2788173769840188,597011.0,495696.0,400958.0,418950.0,456631.0,464703.0,497399.0,426451.0,398821.0,460129.0,485188.0,415075.0,0.09438184486231142
109,5호선,신길,영등포구,2526,0.23539232053422382,0.41839762611275966,0.2852760736196319,0.4999999999999999,0.3855067357718728,210847.0,192260.0,173202.0,176124.0,187329.0,197299.0,207565.0,179887.0,173084.0,197156.0,209225.0,181158.0,0.031466714633507246
110,5호선,여의도,영등포구,2527,0.4173622704507512,0.39465875370919884,0.15030674846625763,0.41666666666666663,0.3615449322701084,1410098.0,1268768.0,1099201.0,1115774.0,1179772.0,1295825.0,1378948.0,1126942.0,1060460.0,1175185.0,1265960.0,1067780.0,0.26817795308515946
111,5호선,여의나루,영등포구,2528,0.24540901502504175,0.32344213649851633,0.03374233128834357,0.4999999999999999,0.2512920423088487,426124.0,376465.0,499064.0,508332.0,570769.0,559008.0,581300.0,339996.0,356247.0,461452.0,395557.0,298556.0,0.0915758236221895
112,5호선,마포,마포구,2529,0.1886477462437395,0.4065281899109792,0.16871165644171782,0.5833333333333333,0.3488708745638497,819366.0,703877.0,602516.0,624854.0,678288.0,725141.0,768248.0,640387.0,605706.0,669806.0,713143.0,594749.0,0.1455620938927544
113,5호선,공덕,마포구,2530,0.4474123539232053,0.41543026706231456,0.1656441717791411,0.5833333333333333,0.4544161913073279,814468.0,717496.0,603740.0,634904.0,686820.0,736860.0,784812.0,629255.0,600417.0,690130.0,729743.0,592524.0,0.14702383663864577
114,5호선,애오개,마포구,2531,0.41235392320534225,0.5252225519287834,0.3190184049079754,0.6666666666666665,0.5786462848393733,410342.0,355902.0,298754.0,311285.0,338863.0,360550.0,380435.0,314760.0,295743.0,331757.0,345251.0,282905.0,0.06536687040893678
115,5호선,충정로,서대문구,2532,0.3272120200333891,0.6083086053412463,0.15950920245398773,0.6666666666666665,0.514200003067899,252979.0,225662.0,186705.0,204809.0,232647.0,251095.0,253582.0,207975.0,200056.0,225314.0,242862.0,203907.0,0.03930136997501597
116,5호선,서대문,종로구,2533,0.41235392320534225,0.3323442136498516,0.303680981595092,0.6666666666666665,0.49559161765133625,1014377.0,871245.0,742140.0,753624.0,804643.0,888207.0,925506.0,757714.0,725299.0,819329.0,869713.0,758547.0,0.18029645220583224
117,5호선,광화문,종로구,2534,0.4023372287145243,0.29376854599406527,0.34662576687116564,0.5833333333333333,0.46009824372723146,2075062.0,1673319.0,1268198.0,1339428.0,1474262.0,1626446.0,1771407.0,1413102.0,1210664.0,1462189.0,1572459.0,1223428.0,0.3395296212760971
118,5호선,종로3가,종로구,2535,0.48080133555926535,0.4065281899109792,0.7177914110429447,0.6666666666666665,0.7176689765187487,960098.0,683334.0,495422.0,559442.0,631342.0,650560.0,751455.0,584272.0,494397.0,654016.0,632776.0,421273.0,0.13334273592424353
119,5호선,을지로4가,중구,2536,0.17529215358931552,0.33827893175074186,0.3404907975460123,0.8333333333333331,0.48456215100678923,328639.0,283132.0,254628.0,267633.0,289437.0,300349.0,314918.0,253097.0,261898.0,284310.0,294957.0,263729.0,0.05310612546677147
120,5호선,동대문역사문화공원,중구,2537,0.6377295492487479,0.35311572700296734,0.41411042944785276,0.7499999999999999,0.6710661915615045,178575.0,160500.0,125648.0,128895.0,136768.0,147719.0,151542.0,130357.0,127974.0,133913.0,145333.0,130641.0,0.020034273709226724
121,5호선,청구,중구,2538,0.37562604340567607,0.258160237388724,0.17484662576687116,0.7499999999999999,0.4332004736137773,227841.0,198913.0,171007.0,176051.0,190802.0,199813.0,209242.0,175980.0,176005.0,194502.0,198903.0,169893.0,0.03154100094181645
122,5호선,신금호,성동구,2539,0.20367278797996663,0.2195845697329377,0.2791411042944786,0.6666666666666665,0.35758425425731794,369011.0,312890.0,264743.0,283609.0,310504.0,327001.0,346116.0,285702.0,278943.0,319229.0,326862.0,270976.0,0.05892403212688164
123,5호선,행당,성동구,2540,0.42404006677796335,0.3798219584569733,0.2147239263803681,0.6666666666666665,0.48370749544541053,460064.0,390395.0,327543.0,349249.0,388030.0,406521.0,428337.0,356987.0,342535.0,392671.0,405732.0,336332.0,0.07622655143723372
124,5호선,왕십리,성동구,2541,0.5292153589315526,0.42729970326409494,0.33435582822085885,0.6666666666666665,0.5923185573533088,308009.0,256270.0,213100.0,225665.0,246271.0,252145.0,269941.0,234090.0,215070.0,247316.0,248967.0,207151.0,0.04390342234842069
125,5호선,마장,성동구,2542,0.3171953255425709,0.6023738872403561,0.19018404907975459,0.9166666666666666,0.6197948751490782,356431.0,280102.0,236971.0,249637.0,276090.0,283299.0,297489.0,255152.0,255189.0,274398.0,283406.0,241995.0,0.05103155961145302
126,5호선,답십리,성동구,2543,0.3038397328881469,0.6735905044510386,0.28834355828220853,0.7499999999999999,0.6155482656765294,936755.0,825113.0,716607.0,738027.0,798593.0,834064.0,870869.0,741525.0,711172.0,796046.0,817878.0,714357.0,0.17193850277269362
127,5호선,장한평,동대문구,2544,0.46744574290484137,0.6083086053412463,0.15950920245398773,0.5833333333333333,0.5368968579064998,1084173.0,941702.0,802596.0,829894.0,889162.0,940142.0,982738.0,836976.0,804521.0,892505.0,930926.0,809676.0,0.1961556251438129
128,5호선,군자,광진구,2545,0.5375626043405676,0.7774480712166172,0.2791411042944786,0.6666666666666665,0.7132935169046851,685948.0,598843.0,525641.0,549413.0,593688.0,609500.0,640516.0,542406.0,518770.0,594561.0,601275.0,510038.0,0.12267891300598299
129,5호선,아차산,광진구,2546,0.09515859766277132,0.3798219584569733,0.13190184049079753,0.41666666666666663,0.21976221042995625,835220.0,712921.0,639520.0,694909.0,765218.0,775654.0,792666.0,660955.0,659449.0,779267.0,750809.0,641883.0,0.15651017484925678
130,5호선,광나루,광진구,2547,0.293823038397329,0.4065281899109792,0.23312883435582823,0.41666666666666663,0.3500379410043184,763852.0,646728.0,539631.0,580215.0,642569.0,670609.0,692541.0,561083.0,555300.0,657228.0,659504.0,538257.0,0.13313112896110907
131,5호선,천호,강동구,2548,0.22537562604340566,0.3827893175074184,0.23006134969325154,0.5833333333333333,0.37852365394173654,1183441.0,975241.0,808404.0,881771.0,989427.0,998697.0,1044852.0,899868.0,830065.0,974992.0,970080.0,810224.0,0.20826513048187595
132,5호선,강동,강동구,2549,0.3405676126878131,0.5756676557863502,0.24539877300613497,0.4999999999999999,0.4742863400980856,1125426.0,961613.0,827185.0,886079.0,1006710.0,1056090.0,1107454.0,898058.0,830474.0,949104.0,992519.0,840036.0,0.21047826288398291
133,5호선,길동,강동구,2550,0.48747913188647746,0.4629080118694362,0.10736196319018404,0.41666666666666663,0.39960731094878604,456877.0,385828.0,329653.0,349745.0,396176.0,403689.0,424670.0,373364.0,352088.0,397477.0,413658.0,356945.0,0.07731230734908842
134,5호선,굽은다리,강동구,2551,0.17696160267111866,0.6142433234421365,0.1533742331288344,0.41666666666666663,0.3544652320284098,542572.0,452224.0,376585.0,397393.0,441997.0,463676.0,491693.0,430562.0,402740.0,462755.0,476022.0,405724.0,0.09101269992185922
135,5호선,명일,강동구,2552,0.2554257095158597,0.599406528189911,0.08588957055214723,0.4999999999999999,0.38616720892481876,512084.0,420742.0,332374.0,367382.0,419218.0,441392.0,468090.0,391815.0,367424.0,432647.0,450928.0,364562.0,0.08370700358700082
136,5호선,고덕,강동구,2553,0.40066777963272115,0.6350148367952523,0.06134969325153374,0.4999999999999999,0.4485175160020311,538389.0,431343.0,350067.0,376651.0,420243.0,447227.0,479444.0,397250.0,376960.0,440798.0,455966.0,370698.0,0.0859725413198123
137,5호선,상일동,강동구,2554,0.5676126878130217,0.6172106824925816,0.15644171779141106,0.41666666666666663,0.5126982954014481,823545.0,732198.0,692600.0,771202.0,863791.0,926308.0,979670.0,709262.0,641015.0,743114.0,775303.0,651719.0,0.16821486263457094
138,5호선,둔촌동,강동구,2555,0.45742904841402343,0.655786350148368,0.22085889570552147,0.4999999999999999,0.5430706035736481,513764.0,430121.0,351292.0,370519.0,419177.0,436213.0,453488.0,381826.0,365144.0,420230.0,429664.0,367324.0,0.08312501630366437
139,5호선,올림픽공원,송파구,2556,0.4724540901502503,0.7032640949554896,0.11042944785276075,0.5833333333333333,0.557193882900348,234561.0,189108.0,149043.0,164236.0,192260.0,201723.0,213135.0,189709.0,172948.0,214034.0,207131.0,162561.0,0.03157014313351952
140,5호선,방이,송파구,2557,0.5843071786310517,0.6409495548961425,0.1257668711656442,0.5833333333333333,0.5830720978813013,438482.0,366158.0,296842.0,314939.0,354423.0,373112.0,394794.0,329582.0,301742.0,360501.0,369953.0,294918.0,0.06865483770115802
141,5호선,오금,송파구,2558,0.2086811352253756,0.599406528189911,0.18098159509202452,0.5833333333333333,0.4386930291216755,200726.0,177043.0,154198.0,161237.0,180541.0,197424.0,204775.0,170856.0,165693.0,187359.0,192771.0,158650.0,0.028860795322921566
142,5호선,개롱,송파구,2559,0.19866444073455766,0.5905044510385756,0.14110429447852763,0.41666666666666663,0.348758758049507,396951.0,332302.0,270002.0,284352.0,322818.0,338553.0,359706.0,306126.0,282880.0,333935.0,343305.0,276593.0,0.0618817991147159
143,5호선,거여,송파구,2560,0.34557595993322204,0.7477744807121661,0.2638036809815951,0.6666666666666665,0.618758110566029,437232.0,368471.0,314896.0,330636.0,369543.0,395613.0,420183.0,354841.0,344279.0,391837.0,405883.0,338597.0,0.07403874568269234
144,5호선,마천,송파구,2561,0.3305509181969949,0.5370919881305638,0.3190184049079754,0.4999999999999999,0.48426940547342107,307163.0,261558.0,234027.0,247898.0,275152.0,285126.0,301427.0,263926.0,265525.0,303199.0,309446.0,267964.0,0.05165941129268688
145,6호선,응암,은평구,2611,0.28213689482470794,0.10089020771513353,0.0950920245398773,0.41666666666666663,0.16840015015571408,1028224.0,887871.0,779220.0,813768.0,879500.0,915359.0,966049.0,822006.0,794884.0,897827.0,911687.0,789934.0,0.1911198466306993
146,6호선,역촌,은평구,2612,0.46243739565943237,0.0771513353115727,0.1625766871165644,0.3333333333333333,0.22452879180779145,247604.0,210054.0,178099.0,182915.0,206842.0,212194.0,226484.0,197990.0,187237.0,207427.0,210607.0,180995.0,0.034645919450748526
147,6호선,불광,은평구,2613,0.5742904841402338,0.18397626112759644,0.1625766871165644,0.41666666666666663,0.34499734698665835,287256.0,236518.0,205552.0,223094.0,245167.0,253250.0,266032.0,233478.0,220238.0,248389.0,243801.0,204890.0,0.0428068427501352
148,6호선,독바위,은평구,2614,0.671118530884808,0.10682492581602374,0.2484662576687117,0.3333333333333333,0.35386579256814715,173783.0,148383.0,133112.0,139674.0,149683.0,157205.0,163960.0,139260.0,139238.0,157367.0,152953.0,133273.0,0.021786815426167075
149,6호선,구산,은평구,2616,0.33889816360600994,0.20474777448071216,0.2607361963190184,0.4999999999999999,0.3317830155777419,392317.0,332733.0,283320.0,298257.0,323349.0,337244.0,357790.0,302349.0,285679.0,329409.0,331621.0,286678.0,0.06213921207456196
150,6호선,새절,은평구,2617,0.5191986644407347,0.44807121661721067,0.15950920245398773,0.3333333333333333,0.39390188054854003,751911.0,640873.0,549362.0,582813.0,635454.0,662408.0,690007.0,587897.0,565049.0,644883.0,654432.0,553844.0,0.13335336494005506
151,6호선,증산,은평구,2618,0.4424040066777963,0.24925816023738873,0.8895705521472391,0.41666666666666663,0.6084183867786095,592883.0,510197.0,453666.0,475200.0,514548.0,531772.0,550829.0,476900.0,456145.0,517568.0,520866.0,453847.0,0.10484361914484312
152,6호선,디지털미디어시티,은평구,2619,0.27212020033388973,0.0712166172106825,0.39263803680981596,0.3333333333333333,0.2380149537365922,810229.0,717698.0,615658.0,626693.0,668898.0,721669.0,768355.0,648439.0,621707.0,703046.0,734092.0,622576.0,0.14776146308207974
153,6호선,월드컵경기장,마포구,2620,0.6460767946577629,0.04154302670623145,0.13803680981595093,0.41666666666666663,0.3070285206389793,306887.0,242338.0,219952.0,244948.0,278176.0,273537.0,280506.0,248208.0,259340.0,321010.0,273077.0,209041.0,0.04843973445370168
154,6호선,마포구청,마포구,2621,0.6076794657762938,0.142433234421365,0.17177914110429449,0.4999999999999999,0.37865617024679943,795732.0,684402.0,580507.0,602672.0,657279.0,686072.0,722693.0,621990.0,592906.0,667674.0,690756.0,590535.0,0.14063959421298755
155,6호선,망원,마포구,2622,0.6694490818030051,0.23738872403560832,0.25153374233128833,0.6666666666666665,0.5394662243272477,894604.0,765699.0,662150.0,706877.0,776926.0,777884.0,843849.0,703611.0,682605.0,771788.0,775465.0,623470.0,0.16189198038810312
156,6호선,합정,마포구,2623,0.4908180300500835,0.24925816023738873,0.17484662576687116,0.6666666666666665,0.4423575651718204,827603.0,713505.0,598403.0,624565.0,653978.0,679986.0,740888.0,621535.0,567331.0,687383.0,677573.0,520202.0,0.1410237572130331
157,6호선,상수,마포구,2624,0.7562604340567611,0.3026706231454006,0.2576687116564417,0.8333333333333331,0.6690627377424725,628792.0,524787.0,405344.0,422522.0,430216.0,459574.0,504551.0,430110.0,360550.0,443954.0,447629.0,331542.0,0.09190094302341383
158,6호선,광흥창,마포구,2625,0.5542570951585977,0.21364985163204747,0.17484662576687116,0.6666666666666665,0.45345890640214337,533621.0,447763.0,364956.0,381856.0,421883.0,447672.0,470637.0,397217.0,371091.0,421153.0,441076.0,361248.0,0.08548853175914883
159,6호선,대흥,마포구,2626,0.7512520868113521,0.34124629080118696,0.19325153374233128,0.7499999999999999,0.6235164887892738,499525.0,419653.0,341610.0,354969.0,392454.0,415799.0,444719.0,366695.0,348055.0,401361.0,417650.0,337730.0,0.07925998689477391
160,6호선,공덕,마포구,2627,1.0,0.2403560830860534,0.2638036809815951,0.41666666666666663,0.5776749474858693,1044995.0,908046.0,768893.0,797565.0,856522.0,915464.0,979438.0,802964.0,770379.0,870853.0,906579.0,742862.0,0.1887493619670454
161,6호선,효창공원앞,용산구,2628,0.8447412353923206,0.1661721068249258,0.1656441717791411,0.5833333333333333,0.5134797529617166,384485.0,331050.0,289270.0,302894.0,326750.0,342678.0,362580.0,308804.0,303366.0,336908.0,346376.0,292786.0,0.06344741810304384
162,6호선,삼각지,용산구,2629,0.7896494156928212,0.22255192878338279,0.17484662576687116,0.3333333333333333,0.4179423868530601,344982.0,285482.0,230143.0,238634.0,252687.0,270896.0,287189.0,237126.0,220263.0,269067.0,274509.0,214872.0,0.047832946133471624
163,6호선,녹사평,용산구,2630,0.5959933222036727,0.1543026706231454,0.19325153374233128,0.4999999999999999,0.38729435267278606,325275.0,287484.0,238758.0,243402.0,222227.0,232129.0,268332.0,225746.0,217547.0,265985.0,250097.0,192301.0,0.04478504664892049
164,6호선,이태원,용산구,2631,0.9398998330550917,0.26706231454005935,0.23006134969325154,0.5833333333333333,0.6173763811071505,936429.0,733484.0,570216.0,557131.0,435912.0,443094.0,529261.0,470000.0,421259.0,576668.0,523469.0,382430.0,0.11506250289572546
165,6호선,한강진,용산구,2632,0.6260434056761268,0.04154302670623145,0.22085889570552147,0.41666666666666663,0.33207414775669136,526814.0,447797.0,361515.0,377982.0,383190.0,408934.0,476055.0,389184.0,360164.0,475294.0,436625.0,319643.0,0.08360069396182354
166,6호선,버티고개,중구,2633,1.0,0.2433234421364985,0.20245398773006135,0.5833333333333333,0.6208682154971457,132759.0,113794.0,96156.0,100041.0,108481.0,116250.0,124362.0,103964.0,101749.0,117101.0,118909.0,97381.0,0.01289145828150228
167,6호선,약수,중구,2634,0.978297161936561,0.37091988130563797,0.14723926380368096,0.5833333333333333,0.6410833867474539,219522.0,189563.0,160997.0,166654.0,179575.0,186574.0,198246.0,166857.0,159298.0,180330.0,188418.0,155739.0,0.02887052885388451
168,6호선,청구,중구,2635,0.30050083472454087,0.2166172106824926,0.19938650306748468,1.0,0.4961735001382453,225794.0,200992.0,178058.0,182576.0,197097.0,202642.0,210548.0,176363.0,177498.0,195085.0,199168.0,172488.0,0.032112495478774865
169,6호선,신당,중구,2636,0.1936560934891487,0.2344213649851632,0.6840490797546012,0.7499999999999999,0.5542602933850561,501303.0,457725.0,368946.0,359915.0,394393.0,419337.0,442917.0,359502.0,362548.0,400562.0,420674.0,349274.0,0.08114587798590663
170,6호선,동묘앞,종로구,2637,0.08347245409015024,0.27002967359050445,0.2147239263803681,0.9166666666666666,0.4037864343212164,528034.0,423425.0,368309.0,398893.0,436458.0,435733.0,455112.0,370010.0,382386.0,445781.0,439196.0,378281.0,0.08551666166363175
171,6호선,창신,종로구,2638,0.6277128547579299,0.2166172106824926,0.22392638036809814,0.5833333333333333,0.47027980927980767,182143.0,156037.0,136497.0,142576.0,154448.0,169654.0,175947.0,143173.0,144236.0,161813.0,170796.0,139584.0,0.0235196370093765
172,6호선,보문,성북구,2639,0.30717863105175297,0.3620178041543027,0.25460122699386506,0.7499999999999999,0.4791382565089587,416267.0,363662.0,319674.0,330405.0,356376.0,369115.0,391809.0,325368.0,315425.0,354850.0,364930.0,310376.0,0.06909890085074955
173,6호선,안암,성북구,2640,0.1936560934891487,0.4094955489614243,0.21165644171779138,0.8333333333333331,0.4689043008832404,643217.0,508428.0,425659.0,441330.0,514009.0,562410.0,573950.0,451710.0,431313.0,514159.0,515013.0,397435.0,0.10336824945560362
174,6호선,고려대,성북구,2641,0.13021702838063434,0.1632047477744807,0.3650306748466257,0.3333333333333333,0.20709223510641914,481796.0,398706.0,322203.0,335897.0,379907.0,405660.0,422756.0,351280.0,344736.0,394164.0,395747.0,325711.0,0.07572365882650216
175,6호선,월곡,성북구,2642,0.33388981636060094,0.20474777448071216,0.2147239263803681,0.4999999999999999,0.3114315285070491,690308.0,576668.0,501666.0,517382.0,568969.0,590304.0,615044.0,504986.0,496572.0,560838.0,585185.0,491262.0,0.11739526039336703
176,6호선,상월곡,성북구,2643,0.5075125208681136,0.29673590504451036,0.4815950920245398,0.5833333333333333,0.5570725752159973,351013.0,289157.0,253874.0,265953.0,295140.0,308166.0,319477.0,265060.0,265606.0,299512.0,310540.0,263912.0,0.05487145704339714
177,6호선,돌곶이,성북구,2644,0.23038397328881463,0.26409495548961426,0.18711656441717792,0.4999999999999999,0.2828049577069998,492445.0,423202.0,399655.0,410779.0,449836.0,477141.0,494276.0,383741.0,367658.0,419567.0,435343.0,370589.0,0.08673557227905955
178,6호선,석계,노원구,2645,0.5075125208681136,0.18100890207715134,0.5552147239263803,0.41666666666666663,0.4737952186470844,761498.0,649820.0,567088.0,593003.0,648180.0,678358.0,704445.0,595839.0,570689.0,653351.0,661065.0,559650.0,0.13576831237314774
179,6호선,태릉입구,노원구,2646,0.45575959933222027,0.22255192878338279,0.17791411042944785,0.4999999999999999,0.35246274197901795,343178.0,288929.0,255796.0,265815.0,299939.0,304664.0,316585.0,265242.0,253917.0,297911.0,301980.0,244448.0,0.05391745420665688
180,6호선,화랑대,노원구,2647,0.19031719532554264,0.16913946587537093,0.2147239263803681,0.3333333333333333,0.17347724113961716,611820.0,510627.0,432267.0,455061.0,502660.0,540887.0,563833.0,461932.0,446987.0,527172.0,537092.0,433713.0,0.10425240447415378
181,6호선,봉화산,중랑구,2648,0.293823038397329,0.17804154302670624,0.12269938650306751,0.3333333333333333,0.1816079170204766,546636.0,463005.0,397434.0,408989.0,441146.0,462175.0,488465.0,409482.0,393845.0,442358.0,451552.0,385845.0,0.08998073150210575
182,7호선,수락산,노원구,2713,0.6126878130217028,0.5727002967359051,0.303680981595092,0.4999999999999999,0.6048960926208728,760667.0,653827.0,588002.0,616932.0,677919.0,694171.0,722826.0,619569.0,595224.0,686358.0,674180.0,578745.0,0.14015685001134928
183,7호선,마들,노원구,2714,0.39899833055091827,0.629080118694362,0.3067484662576687,0.4999999999999999,0.5433708147858863,681936.0,580144.0,509882.0,533875.0,582602.0,614153.0,646188.0,556939.0,537908.0,601468.0,609346.0,538949.0,0.12312258681433601
184,7호선,노원,노원구,2715,0.33722871452420705,0.7596439169139466,0.19018404907975459,0.5833333333333333,0.5575564906199917,1290222.0,1064075.0,877563.0,941449.0,1059078.0,1085038.0,1160611.0,987719.0,878662.0,1039627.0,1034664.0,861864.0,0.22604848622179757
185,7호선,중계,노원구,2716,0.33889816360600994,0.7774480712166172,0.17484662576687116,0.5833333333333333,0.5592063611996704,853301.0,709785.0,579263.0,614622.0,683996.0,729233.0,755343.0,634269.0,606994.0,701639.0,718652.0,604003.0,0.14643848155359612
186,7호선,하계,노원구,2717,0.41235392320534225,0.798219584569733,0.1441717791411043,0.5833333333333333,0.5845566304453883,1060725.0,878987.0,735134.0,783136.0,874572.0,913911.0,956691.0,808418.0,757577.0,886634.0,898573.0,752031.0,0.18761694350775432
187,7호선,공릉,노원구,2718,0.21869782971619378,0.6468842729970327,0.1533742331288344,0.5833333333333333,0.4506146110532441,711699.0,606442.0,521204.0,547954.0,605030.0,633601.0,658036.0,555121.0,521567.0,624414.0,623195.0,511645.0,0.125585520555076
188,7호선,태릉입구,노원구,2719,0.33388981636060094,0.6706231454005934,0.31288343558282206,0.7499999999999999,0.6361398768623251,475410.0,397615.0,344215.0,367769.0,429704.0,437258.0,449867.0,380105.0,357236.0,427591.0,432019.0,348992.0,0.08135388354258478
189,7호선,먹골,중랑구,2720,0.16861435726210364,0.857566765578635,0.34969325153374226,0.6666666666666665,0.6262253856163559,603459.0,524964.0,460709.0,477593.0,525835.0,533138.0,559264.0,479310.0,457674.0,517411.0,524262.0,457554.0,0.10614308446252027
190,7호선,중화,중랑구,2721,0.6143572621035057,0.7418397626112759,0.2147239263803681,0.6666666666666665,0.7040270294105397,650934.0,566342.0,499071.0,516328.0,564190.0,576881.0,605002.0,525412.0,501906.0,557050.0,567233.0,497355.0,0.11600375480690427
191,7호선,상봉,중랑구,2722,0.37562604340567607,0.8694362017804155,0.35582822085889576,0.6666666666666665,0.7159814946773204,998348.0,871657.0,763375.0,793896.0,861022.0,876364.0,921448.0,793112.0,754013.0,863866.0,873242.0,745481.0,0.1839072028518467
192,7호선,면목,중랑구,2723,0.06844741235392322,0.7566765578635015,0.19631901840490795,0.7499999999999999,0.5180877578650533,884186.0,768654.0,699698.0,725623.0,783265.0,814367.0,842198.0,725915.0,706890.0,801664.0,818994.0,700222.0,0.1674741214612288
193,7호선,사가정,중랑구,2724,0.27712854757929895,0.9228486646884273,0.2361963190184049,0.4999999999999999,0.5837967142478457,920060.0,799872.0,722128.0,754371.0,821959.0,838998.0,875167.0,764971.0,750981.0,859372.0,862771.0,754536.0,0.17630262871524008
194,7호선,용마산,중랑구,2725,0.4023372287145243,0.6676557863501483,0.23926380368098157,0.4999999999999999,0.533171222498025,344956.0,301437.0,270847.0,283249.0,307592.0,314070.0,327265.0,279362.0,275455.0,313147.0,313133.0,269597.0,0.057065394922445174
195,7호선,중곡,광진구,2726,0.11519198664440743,0.5370919881305638,0.25153374233128833,0.4999999999999999,0.3714466278072053,560750.0,487612.0,423021.0,435929.0,476309.0,496588.0,525012.0,445686.0,434911.0,492053.0,503543.0,440773.0,0.09837599929295632
196,7호선,군자,광진구,2727,0.22871452420701172,0.884272997032641,0.23312883435582823,0.4999999999999999,0.5478740314610133,776020.0,672765.0,594518.0,620544.0,666129.0,688173.0,725416.0,619505.0,588532.0,661982.0,677606.0,590663.0,0.1404183510541998
197,7호선,어린이대공원,광진구,2728,0.21702838063439064,0.7477744807121661,0.18711656441717792,0.41666666666666663,0.4371706751657706,725776.0,588505.0,504866.0,529850.0,598958.0,610274.0,625240.0,534425.0,520056.0,626630.0,657695.0,520754.0,0.12408891230127536
198,7호선,건대입구,광진구,2729,0.13856427378964936,1.0,0.33128834355828224,0.4999999999999999,0.5972308811076232,909039.0,691124.0,568507.0,606674.0,671735.0,680892.0,733210.0,623839.0,566551.0,671396.0,677934.0,564143.0,0.14203783540287668
199,7호선,청담,강남구,2731,0.06844741235392322,0.6884272997032641,0.3650306748466257,0.4999999999999999,0.45843907590226995,1178124.0,1062782.0,891669.0,914227.0,990193.0,1072792.0,1113123.0,932246.0,887220.0,983741.0,1037584.0,884457.0,0.21957736229876412
200,7호선,강남구청,강남구,2732,0.26377295492487474,0.6409495548961425,0.3220858895705521,0.4999999999999999,0.5002835775988965,911664.0,847562.0,727498.0,745927.0,797766.0,855957.0,892514.0,753198.0,724345.0,802846.0,838956.0,715959.0,0.17414190164383764
201,7호선,학동,강남구,2733,0.5258764607679465,0.8635014836795252,0.6564417177914109,0.7499999999999999,0.9266988209852406,1286665.0,1181190.0,1057885.0,1053395.0,1103381.0,1214811.0,1273964.0,1065096.0,1041258.0,1122653.0,1209372.0,1046752.0,0.2528322433725361
202,7호선,논현,강남구,2734,0.5091819699499165,0.7062314540059347,0.6134969325153374,0.7499999999999999,0.840176407586772,1173213.0,1056192.0,935210.0,959121.0,1008942.0,1074014.0,1129890.0,945493.0,900224.0,1017376.0,1055457.0,887570.0,0.22336456239407484
203,7호선,반포,서초구,2735,0.10183639398998331,0.6053412462908012,0.2791411042944786,0.5833333333333333,0.43759588346144385,363979.0,301556.0,249846.0,270558.0,308649.0,323291.0,339781.0,286240.0,267930.0,295304.0,295116.0,249724.0,0.056128328429580425
204,7호선,고속터미널,서초구,2736,0.1886477462437395,0.9228486646884273,0.43558282208588955,0.6666666666666665,0.694516865794944,1118956.0,781297.0,579219.0,649024.0,775809.0,777492.0,813686.0,721916.0,617257.0,782723.0,794065.0,616506.0,0.16272949232627884
205,7호선,내방,서초구,2737,0.08013355592654431,0.5519287833827893,0.28834355828220853,0.5833333333333333,0.4113040718915739,804194.0,700721.0,614945.0,632302.0,696517.0,736842.0,780544.0,675195.0,642942.0,702346.0,730577.0,629881.0,0.14947351331021425
206,7호선,이수,동작구,2738,0.21368948247078456,0.7329376854599406,0.3374233128834356,0.6666666666666665,0.5895979811333424,976659.0,829845.0,693927.0,734738.0,804869.0,830023.0,875774.0,745639.0,694439.0,793312.0,806468.0,661320.0,0.17088741769812893
207,7호선,남성,동작구,2739,0.19866444073455766,0.5905044510385756,0.23926380368098157,0.4999999999999999,0.4211539865306787,641442.0,548280.0,473552.0,498377.0,552325.0,571370.0,595883.0,517535.0,496638.0,557042.0,569954.0,486139.0,0.1136839234383815
208,7호선,숭실대입구,동작구,2740,0.1202003338898164,0.516320474777448,0.36809815950920244,0.4999999999999999,0.4116549880954446,744263.0,602264.0,498613.0,538984.0,605721.0,658463.0,647719.0,552176.0,536466.0,635772.0,636533.0,524517.0,0.12678436062965823
209,7호선,상도,동작구,2741,0.25709515859766285,0.42729970326409494,0.22085889570552147,0.4999999999999999,0.37201944641443624,628243.0,523527.0,438276.0,461604.0,506957.0,533344.0,564126.0,489271.0,466197.0,519758.0,541193.0,454749.0,0.10626128846253428
210,7호선,장승배기,동작구,2742,0.08347245409015024,0.516320474777448,0.22392638036809814,0.5833333333333333,0.37273699917791453,610902.0,516126.0,436811.0,456495.0,507244.0,520779.0,549254.0,473960.0,445650.0,498081.0,509223.0,434794.0,0.10299226262156694
211,7호선,신대방삼거리,동작구,2743,0.49415692821368956,0.37091988130563797,0.3159509202453988,0.6666666666666665,0.5485034922445476,948787.0,820369.0,713353.0,744608.0,806854.0,843323.0,882514.0,768182.0,738288.0,816116.0,837310.0,728508.0,0.17480417109055646
212,7호선,보라매,동작구,2744,0.5008347245409015,0.3026706231454006,1.0,0.4999999999999999,0.7303207887245045,547036.0,477741.0,404758.0,433837.0,496666.0,518631.0,540935.0,451731.0,436767.0,490868.0,509472.0,424533.0,0.09858600995701285
213,7호선,신풍,영등포구,2745,0.5525876460767948,0.47774480712166173,0.34969325153374226,0.7499999999999999,0.6611219254909974,664310.0,550612.0,479454.0,513628.0,559334.0,573974.0,609212.0,534885.0,514822.0,582027.0,602985.0,520901.0,0.11753075114437125
214,7호선,대림,영등포구,2746,0.5759599332220366,0.5905044510385756,0.41411042944785276,0.6666666666666665,0.7078778346536114,605063.0,367136.0,304300.0,357638.0,427272.0,428328.0,454619.0,423578.0,407114.0,460233.0,444734.0,369958.0,0.08528996772750475
215,7호선,가산디지털단지,금천구,2748,0.38063439065108506,0.42433234421364985,0.47239263803680975,0.4999999999999999,0.52044772967271,2312655.0,2097458.0,1874354.0,1966124.0,2043994.0,2247832.0,2344034.0,1936880.0,1940086.0,2095435.0,2234533.0,1970085.0,0.4748939531801587
216,8호선,암사,강동구,2811,0.33222036727879806,0.7032640949554896,0.19938650306748468,0.4999999999999999,0.5034996344585413,1033661.0,881493.0,767695.0,809870.0,885852.0,930499.0,975203.0,830364.0,797239.0,898108.0,922582.0,798165.0,0.19198422311433277
217,8호선,천호,강동구,2812,0.25876460767946574,0.3916913946587537,0.20245398773006135,0.3333333333333333,0.2846589191360256,1118092.0,947086.0,802164.0,847427.0,916136.0,939930.0,979472.0,824735.0,757599.0,874083.0,884522.0,747627.0,0.1940894301251226
218,8호선,강동구청,강동구,2813,0.2537562604340568,0.5489614243323442,0.1257668711656442,0.4999999999999999,0.38128592178569304,630159.0,528104.0,449108.0,465292.0,516677.0,542968.0,574908.0,483384.0,462544.0,517991.0,538855.0,468051.0,0.1072501373401219
219,8호선,몽촌토성,송파구,2814,0.17028380634390655,0.6172106824925816,0.2177914110429448,0.5833333333333333,0.44516164485841175,334198.0,274939.0,240356.0,260978.0,285585.0,285414.0,303996.0,255462.0,246980.0,308839.0,302924.0,248951.0,0.052169662452826435
220,8호선,잠실,송파구,2815,0.27879799666110183,0.7596439169139466,0.31288343558282206,0.4999999999999999,0.5499518339453277,1042917.0,777976.0,649164.0,676709.0,763548.0,775511.0,845739.0,736273.0,652372.0,786665.0,799468.0,656859.0,0.1653624319188177
221,8호선,석촌,송파구,2816,0.48080133555926535,0.6498516320474778,0.18711656441717792,0.4999999999999999,0.5365668375215394,507704.0,420753.0,361190.0,379384.0,414601.0,422842.0,450192.0,381652.0,361204.0,418948.0,426623.0,357982.0,0.08243029526471506
222,8호선,송파,송파구,2817,0.26377295492487474,0.6735905044510386,0.22392638036809814,0.5833333333333333,0.5073896683587443,538942.0,429366.0,357129.0,379356.0,427853.0,456249.0,480525.0,399900.0,365136.0,408241.0,417403.0,344514.0,0.08440696126560822
223,8호선,가락시장,송파구,2818,0.4590984974958263,0.6884272997032641,0.13190184049079753,0.4999999999999999,0.5212727346691586,519895.0,419781.0,369898.0,392156.0,421103.0,435131.0,459161.0,381403.0,392316.0,430564.0,441395.0,380809.0,0.08516613774659415
224,8호선,문정,송파구,2819,0.37228714524207,0.7685459940652819,0.06441717791411045,0.6666666666666665,0.5581655798995458,1116603.0,1026102.0,906760.0,920081.0,959398.0,1059192.0,1117597.0,926074.0,911673.0,992204.0,1064375.0,923072.0,0.2190901601399448
225,8호선,장지,송파구,2820,0.1736227045075126,0.5014836795252225,0.5920245398773006,0.41666666666666663,0.48312710306355333,1042110.0,858305.0,718292.0,772269.0,849632.0,893988.0,940469.0,799729.0,760153.0,863605.0,887353.0,758165.0,0.18445706948300544
226,8호선,복정,송파구,2821,0.3956594323873122,0.6261127596439169,0.09202453987730061,0.4999999999999999,0.4552046346821277,565219.0,484557.0,403595.0,431762.0,481936.0,513109.0,535304.0,439568.0,421022.0,503931.0,518740.0,424009.0,0.09838699818294444
